Price,Mileage,Make,Cylinder,Liter,Doors,Cruise,Sound,Leather
17314.1031289,8221,Buick,6,3.1,4,1,1,1
17542.0360833,9135,Buick,6,3.1,4,1,1,0
16218.8478619,13196,Buick,6,3.1,4,1,1,0
16336.91314,16342,Buick,6,3.1,4,1,0,0
16339.1703239,19832,Buick,6,3.1,4,1,0,1
15709.0528211,22236,Buick,6,3.1,4,1,1,0
15230.0033898,22576,Buick,6,3.1,4,1,1,0
15048.0421841,22964,Buick,6,3.1,4,1,1,0
14862.0938696,24021,Buick,6,3.1,4,1,0,1
15295.0182669,27325,Buick,6,3.1,4,1,1,1
21335.8524849,10237,Buick,6,3.6,4,1,0,0
20538.0875102,15066,Buick,6,3.6,4,1,1,0
20512.0940912,16633,Buick,6,3.6,4,1,1,0
19924.1590524,19800,Buick,6,3.6,4,1,1,1
19774.2490661,23359,Buick,6,3.6,4,1,1,1
19344.1655374,23765,Buick,6,3.6,4,1,1,0
19105.1301244,24008,Buick,6,3.6,4,1,0,0
18543.4270454,26034,Buick,6,3.6,4,1,1,1
17808.198996,32896,Buick,6,3.6,4,1,1,0
17968.8382783,34665,Buick,6,3.6,4,1,1,1
22358.8776781,8970,Buick,6,3.6,4,1,1,0
23785.9225264,10577,Buick,6,3.6,4,1,1,1
22926.0903713,14363,Buick,6,3.6,4,1,1,1
21895.7587842,16508,Buick,6,3.6,4,1,0,1
21273.0617139,18908,Buick,6,3.6,4,1,0,0
21460.0139529,19467,Buick,6,3.6,4,1,0,1
21183.1235874,21394,Buick,6,3.6,4,1,0,0
20406.0995029,22596,Buick,6,3.6,4,1,0,0
21058.13958,24469,Buick,6,3.6,4,1,1,1
19556.8993203,25245,Buick,6,3.6,4,1,0,0
23447.686561,15755,Buick,6,3.8,4,1,1,0
23547.2394429,16235,Buick,6,3.8,4,1,1,0
23016.0080087,18147,Buick,6,3.8,4,1,1,1
22230.0275026,22102,Buick,6,3.8,4,1,0,1
22625.073566,23612,Buick,6,3.8,4,1,0,1
21799.1720969,24439,Buick,6,3.8,4,1,0,0
21341.2572071,25212,Buick,6,3.8,4,1,1,1
21683.0314636,26779,Buick,6,3.8,4,1,1,0
20986.0160175,27096,Buick,6,3.8,4,1,0,0
20902.1037943,29649,Buick,6,3.8,4,1,1,1
20698.0770832,2992,Buick,6,3.8,4,1,0,1
20099.2568448,10036,Buick,6,3.8,4,1,1,1
18145.1264891,18339,Buick,6,3.8,4,1,1,0
17944.8569235,19592,Buick,6,3.8,4,1,0,0
19027.8623054,21797,Buick,6,3.8,4,1,0,1
18348.8985717,23852,Buick,6,3.8,4,1,1,0
17750.8845746,25040,Buick,6,3.8,4,1,1,0
17772.96968,25052,Buick,6,3.8,4,1,1,0
17394.0213978,25464,Buick,6,3.8,4,1,1,0
17645.7450441,27830,Buick,6,3.8,4,1,1,1
21908.3666246,17353,Buick,6,3.8,4,1,0,0
21956.3426627,17787,Buick,6,3.8,4,1,1,0
21646.1169236,19562,Buick,6,3.8,4,1,1,1
21575.456827,20137,Buick,6,3.8,4,1,1,0
20952.2178016,20158,Buick,6,3.8,4,1,1,0
21562.0475779,23767,Buick,6,3.8,4,1,0,1
19981.1279114,24323,Buick,6,3.8,4,1,1,0
19425.8486163,27839,Buick,6,3.8,4,1,1,0
19191.9896168,29187,Buick,6,3.8,4,1,1,1
19641.7419023,31324,Buick,6,3.8,4,1,1,1
25589.9831546,2308,Buick,6,3.8,4,1,1,0
25098.6290572,10014,Buick,6,3.8,4,1,1,0
23420.7069479,18910,Buick,6,3.8,4,1,0,1
22661.0484851,20105,Buick,6,3.8,4,1,0,0
23493.082295,20453,Buick,6,3.8,4,1,1,0
22435.2028189,22287,Buick,6,3.8,4,1,1,1
21878.119996,23237,Buick,6,3.8,4,1,1,0
23077.5659103,23798,Buick,6,3.8,4,1,0,1
21698.0147455,25489,Buick,6,3.8,4,1,1,1
21831.8229164,25564,Buick,6,3.8,4,1,1,1
26831.1940372,4695,Buick,6,3.8,4,1,1,0
26060.3353496,9795,Buick,6,3.8,4,1,1,0
26781.8146453,12052,Buick,6,3.8,4,1,1,0
26302.0742843,13050,Buick,6,3.8,4,1,1,0
26190.2714675,17335,Buick,6,3.8,4,1,0,1
25508.2109561,17480,Buick,6,3.8,4,1,1,0
23348.0169541,24027,Buick,6,3.8,4,1,0,1
23406.6898198,25387,Buick,6,3.8,4,1,0,1
23159.5437816,25869,Buick,6,3.8,4,1,0,0
21536.7417302,37128,Buick,6,3.8,4,1,1,1
51154.0472155,2202,Cadillac,8,5.7,4,1,1,1
49248.1589667,6685,Cadillac,8,5.7,4,1,0,1
46747.6732703,15343,Cadillac,8,5.7,4,1,1,1
44130.6170551,21341,Cadillac,8,5.7,4,1,0,1
44084.9142116,21367,Cadillac,8,5.7,4,1,1,1
43892.4678804,23371,Cadillac,8,5.7,4,1,0,1
44300.6399582,23751,Cadillac,8,5.7,4,1,0,1
42677.601117,24052,Cadillac,8,5.7,4,1,0,1
43374.05242,25199,Cadillac,8,5.7,4,1,1,1
40619.0722701,30082,Cadillac,8,5.7,4,1,1,1
33417.965013,6598,Cadillac,6,2.8,4,1,1,1
30957.0807493,10625,Cadillac,6,2.8,4,1,1,1
31431.13037,11013,Cadillac,6,2.8,4,1,1,1
30781.5156335,14937,Cadillac,6,2.8,4,1,1,1
30646.4377006,17094,Cadillac,6,2.8,4,1,1,1
30792.1490285,17870,Cadillac,6,2.8,4,1,1,1
30392.7501584,18449,Cadillac,6,2.8,4,1,1,1
28817.0818466,21039,Cadillac,6,2.8,4,1,0,1
29275.2087137,21056,Cadillac,6,2.8,4,1,1,1
28040.1285292,27484,Cadillac,6,2.8,4,1,1,1
39801.5513543,14095,Cadillac,8,4.6,4,1,0,1
40335.7373136,14743,Cadillac,8,4.6,4,1,0,1
39307.009165,16041,Cadillac,8,4.6,4,1,0,1
38600.2395609,17138,Cadillac,8,4.6,4,1,0,1
38445.8971687,18661,Cadillac,8,4.6,4,1,0,1
36077.7961212,21966,Cadillac,8,4.6,4,1,0,1
35866.5827089,24415,Cadillac,8,4.6,4,1,1,1
35338.6536896,25163,Cadillac,8,4.6,4,1,0,1
36154.3035483,25339,Cadillac,8,4.6,4,1,1,1
34685.6629802,25421,Cadillac,8,4.6,4,1,0,1
42820.3290225,5499,Cadillac,8,4.6,4,1,0,1
41378.0480886,8125,Cadillac,8,4.6,4,1,0,1
40856.3908954,12791,Cadillac,8,4.6,4,1,1,1
41419.0372622,14452,Cadillac,8,4.6,4,1,0,1
37510.2535701,21593,Cadillac,8,4.6,4,1,0,1
37215.1693828,22211,Cadillac,8,4.6,4,1,0,1
36332.894685,25153,Cadillac,8,4.6,4,1,0,1
36245.1582278,26250,Cadillac,8,4.6,4,1,1,1
32954.1413358,36074,Cadillac,8,4.6,4,1,0,1
32537.1867507,41829,Cadillac,8,4.6,4,1,1,1
35715.7685558,6447,Cadillac,8,4.6,4,1,0,1
35651.6800199,10555,Cadillac,8,4.6,4,1,1,1
35129.340771,11975,Cadillac,8,4.6,4,1,1,1
35165.7593689,13449,Cadillac,8,4.6,4,1,1,1
32501.2451886,17508,Cadillac,8,4.6,4,1,0,1
33220.0284462,18661,Cadillac,8,4.6,4,1,0,1
32509.4782883,20910,Cadillac,8,4.6,4,1,0,1
31132.2134919,23124,Cadillac,8,4.6,4,1,1,1
31181.715159,26222,Cadillac,8,4.6,4,1,0,1
31059.1810268,27544,Cadillac,8,4.6,4,1,1,1
42741.5236662,2846,Cadillac,6,3.6,4,1,0,1
40966.6074122,7476,Cadillac,6,3.6,4,1,1,1
38795.379095,13973,Cadillac,6,3.6,4,1,1,1
38297.4625363,16754,Cadillac,6,3.6,4,1,0,1
37192.8963661,19100,Cadillac,6,3.6,4,1,0,1
36210.122996,21778,Cadillac,6,3.6,4,1,0,1
36633.6338191,22042,Cadillac,6,3.6,4,1,1,1
35895.4994099,23056,Cadillac,6,3.6,4,1,1,1
34974.3780366,25796,Cadillac,6,3.6,4,1,1,1
32038.3395626,35326,Cadillac,6,3.6,4,1,1,1
48310.3295449,788,Cadillac,8,4.6,4,1,0,1
48365.9808965,2616,Cadillac,8,4.6,4,1,1,1
45061.9519352,13829,Cadillac,8,4.6,4,1,1,1
44205.8758849,15104,Cadillac,8,4.6,4,1,0,1
42377.9554421,18581,Cadillac,8,4.6,4,1,0,1
41671.5831401,20575,Cadillac,8,4.6,4,1,0,1
41516.4298623,23861,Cadillac,8,4.6,4,1,1,1
41053.4821681,25717,Cadillac,8,4.6,4,1,1,1
38208.5010233,31303,Cadillac,8,4.6,4,1,1,1
39072.3920526,31587,Cadillac,8,4.6,4,1,0,1
70755.4667165,583,Cadillac,8,4.6,2,1,1,1
68566.1871889,6420,Cadillac,8,4.6,2,1,1,1
69133.7317224,7892,Cadillac,8,4.6,2,1,1,1
66374.3070402,12021,Cadillac,8,4.6,2,1,1,1
65281.4812369,15600,Cadillac,8,4.6,2,1,1,1
63913.1172477,18200,Cadillac,8,4.6,2,1,1,1
60567.5490933,23193,Cadillac,8,4.6,2,1,1,1
57154.4434369,29260,Cadillac,8,4.6,2,1,1,1
55639.0876536,31805,Cadillac,8,4.6,2,1,0,1
52001.9943786,42691,Cadillac,8,4.6,2,1,1,1
12146.1880309,10011,Chevrolet,4,1.6,4,0,0,1
12163.8204247,12101,Chevrolet,4,1.6,4,0,0,1
11472.0227614,19699,Chevrolet,4,1.6,4,0,0,1
11017.1687101,20100,Chevrolet,4,1.6,4,0,1,0
11096.8572677,20334,Chevrolet,4,1.6,4,1,0,0
10386.0402183,22225,Chevrolet,4,1.6,4,0,0,0
11137.0456549,22484,Chevrolet,4,1.6,4,0,1,1
11045.1088444,24568,Chevrolet,4,1.6,4,1,0,1
10777.0525369,27906,Chevrolet,4,1.6,4,0,0,0
9928.18817462,29680,Chevrolet,4,1.6,4,0,0,1
12649.1108933,3629,Chevrolet,4,1.6,4,0,1,0
12314.5912169,4142,Chevrolet,4,1.6,4,0,1,0
11318.0080892,11156,Chevrolet,4,1.6,4,0,1,1
12409.9490936,11981,Chevrolet,4,1.6,4,1,1,1
11555.267402,13404,Chevrolet,4,1.6,4,1,1,0
11700.1114861,15253,Chevrolet,4,1.6,4,1,0,0
11215.0186467,19945,Chevrolet,4,1.6,4,0,0,0
10144.9520807,23963,Chevrolet,4,1.6,4,1,1,0
10491.0751985,30948,Chevrolet,4,1.6,4,0,1,0
9954.05417352,37345,Chevrolet,4,1.6,4,0,1,1
11031.1299313,20156,Chevrolet,4,1.6,4,0,1,1
11343.0540105,20186,Chevrolet,4,1.6,4,1,1,1
11391.2137175,21421,Chevrolet,4,1.6,4,0,1,1
11247.8625348,21427,Chevrolet,4,1.6,4,1,1,1
10921.9453719,23119,Chevrolet,4,1.6,4,0,1,1
11179.9535715,23121,Chevrolet,4,1.6,4,0,1,1
11394.8864029,25107,Chevrolet,4,1.6,4,0,1,1
11070.0606431,25476,Chevrolet,4,1.6,4,0,1,1
11013.8713677,25746,Chevrolet,4,1.6,4,1,1,1
11115.0136403,30056,Chevrolet,4,1.6,4,1,1,1
11918.4560684,7278,Chevrolet,4,1.6,4,0,0,0
12408.8061477,10213,Chevrolet,4,1.6,4,0,0,1
11302.9029854,14627,Chevrolet,4,1.6,4,0,1,0
11615.0210176,19014,Chevrolet,4,1.6,4,0,1,1
10805.1300899,21013,Chevrolet,4,1.6,4,1,1,1
11169.9183882,22380,Chevrolet,4,1.6,4,0,1,0
10770.1065538,25065,Chevrolet,4,1.6,4,0,1,0
10872.0139256,25869,Chevrolet,4,1.6,4,0,0,0
10921.9453719,27776,Chevrolet,4,1.6,4,1,0,0
9919.04818515,34621,Chevrolet,4,1.6,4,0,1,0
10813.3435214,266,Chevrolet,4,1.6,4,1,0,1
11167.8610027,4716,Chevrolet,4,1.6,4,1,1,0
10897.0765061,6699,Chevrolet,4,1.6,4,0,1,1
10106.0164309,14200,Chevrolet,4,1.6,4,1,0,0
10354.0438521,14521,Chevrolet,4,1.6,4,0,1,0
10287.9773633,16521,Chevrolet,4,1.6,4,1,1,1
9720.97888953,20836,Chevrolet,4,1.6,4,1,1,0
9506.04793656,22169,Chevrolet,4,1.6,4,0,0,1
9789.03767552,22986,Chevrolet,4,1.6,4,0,1,1
9220.82967689,29992,Chevrolet,4,1.6,4,1,0,1
10971.0956143,7091,Chevrolet,4,1.6,4,1,0,0
10315.0182336,14438,Chevrolet,4,1.6,4,0,0,1
9654.06014156,19183,Chevrolet,4,1.6,4,0,0,0
9563.7893088,19273,Chevrolet,4,1.6,4,1,1,0
9665.84885973,19565,Chevrolet,4,1.6,4,0,1,1
9482.21940385,24842,Chevrolet,4,1.6,4,1,0,0
8638.93089526,25216,Chevrolet,4,1.6,4,0,0,0
9041.90625442,26191,Chevrolet,4,1.6,4,0,0,1
8870.94731588,32914,Chevrolet,4,1.6,4,1,1,0
8768.99858505,35299,Chevrolet,4,1.6,4,0,0,0
13007.9841779,7372,Chevrolet,4,2.2,2,1,1,1
13041.8739973,13607,Chevrolet,4,2.2,2,0,1,1
12045.9207049,19136,Chevrolet,4,2.2,2,0,1,1
12469.5275763,19712,Chevrolet,4,2.2,2,0,1,1
11539.8456501,22405,Chevrolet,4,2.2,2,0,1,1
11726.0029741,23103,Chevrolet,4,2.2,2,0,1,1
12207.8729265,23512,Chevrolet,4,2.2,2,1,1,1
11203.1461094,27364,Chevrolet,4,2.2,2,1,1,1
10788.9703604,31436,Chevrolet,4,2.2,2,1,1,1
11149.6183039,34447,Chevrolet,4,2.2,2,1,1,1
14584.4481223,1160,Chevrolet,4,2.2,2,1,1,1
13681.6980035,10210,Chevrolet,4,2.2,2,1,1,1
13446.2134153,17741,Chevrolet,4,2.2,2,0,1,1
12327.6416084,19347,Chevrolet,4,2.2,2,0,1,1
12274.9575813,19612,Chevrolet,4,2.2,2,1,1,1
12630.7750336,22571,Chevrolet,4,2.2,2,1,1,1
12425.3891712,22771,Chevrolet,4,2.2,2,0,1,1
12319.6962457,24568,Chevrolet,4,2.2,2,1,1,1
12549.8923339,25816,Chevrolet,4,2.2,2,0,1,1
12234.8880533,30297,Chevrolet,4,2.2,2,1,1,1
14894.9825925,2464,Chevrolet,4,2.2,4,0,1,1
14198.0924589,11322,Chevrolet,4,2.2,4,1,1,1
14678.1053344,11488,Chevrolet,4,2.2,4,1,1,1
13167.7023213,14630,Chevrolet,4,2.2,4,0,1,1
13471.0050828,18910,Chevrolet,4,2.2,4,1,1,1
12573.8999394,25048,Chevrolet,4,2.2,4,1,1,1
12383.4028106,25069,Chevrolet,4,2.2,4,1,1,1
13230.9186745,25862,Chevrolet,4,2.2,4,0,1,1
11080.5163779,36855,Chevrolet,4,2.2,4,0,1,1
11328.9588678,39946,Chevrolet,4,2.2,4,1,1,1
15053.9337347,4652,Chevrolet,4,2.2,2,1,1,1
14397.9280846,5189,Chevrolet,4,2.2,2,0,1,1
14642.3235774,6224,Chevrolet,4,2.2,2,0,1,1
13464.8028839,14231,Chevrolet,4,2.2,2,1,1,1
13678.8630026,17971,Chevrolet,4,2.2,2,1,1,1
12507.4852674,19715,Chevrolet,4,2.2,2,1,1,1
13141.0479505,19898,Chevrolet,4,2.2,2,1,1,1
13594.0855911,20682,Chevrolet,4,2.2,2,1,1,1
12733.8579245,21386,Chevrolet,4,2.2,2,1,1,1
12230.0997724,28408,Chevrolet,4,2.2,2,0,1,1
14222.3053952,8427,Chevrolet,4,2.2,4,0,1,1
14266.9125758,8615,Chevrolet,4,2.2,4,0,1,1
14255.7476815,16958,Chevrolet,4,2.2,4,0,1,1
13762.9014469,18040,Chevrolet,4,2.2,4,1,1,1
14275.1276352,18533,Chevrolet,4,2.2,4,1,1,1
13688.0001093,18766,Chevrolet,4,2.2,4,1,1,1
13308.8337495,20043,Chevrolet,4,2.2,4,0,1,1
14145.8809893,20512,Chevrolet,4,2.2,4,1,1,1
12944.9387537,21684,Chevrolet,4,2.2,4,0,1,1
12846.0615932,27560,Chevrolet,4,2.2,4,1,1,1
14061.122765,4922,Chevrolet,4,2.2,4,0,1,1
13072.8416305,14311,Chevrolet,4,2.2,4,0,1,1
11699.0339156,19816,Chevrolet,4,2.2,4,1,1,1
12257.1640856,21492,Chevrolet,4,2.2,4,1,1,1
11574.1738127,21525,Chevrolet,4,2.2,4,0,1,1
11539.0485333,24163,Chevrolet,4,2.2,4,0,1,1
12243.0606241,25014,Chevrolet,4,2.2,4,1,1,1
11671.8581267,25727,Chevrolet,4,2.2,4,1,1,1
11464.6288588,29410,Chevrolet,4,2.2,4,1,1,1
10546.7827451,38866,Chevrolet,4,2.2,4,1,1,1
15553.2087144,7695,Chevrolet,4,2.2,4,0,1,1
15047.0027381,12305,Chevrolet,4,2.2,4,1,1,1
13540.0416417,17343,Chevrolet,4,2.2,4,0,1,1
14077.9688528,17445,Chevrolet,4,2.2,4,0,1,1
12981.9520293,20309,Chevrolet,4,2.2,4,1,1,1
13436.0001494,20530,Chevrolet,4,2.2,4,0,1,1
13161.9428278,21145,Chevrolet,4,2.2,4,1,1,1
14220.0132152,23069,Chevrolet,4,2.2,4,1,1,1
12379.1264733,31199,Chevrolet,4,2.2,4,1,1,1
11581.9050445,36566,Chevrolet,4,2.2,4,0,1,1
14023.9385467,13776,Chevrolet,4,2.2,2,0,1,1
12810.910585,19461,Chevrolet,4,2.2,2,1,1,1
13135.9050323,21796,Chevrolet,4,2.2,2,1,1,1
13106.9004237,21910,Chevrolet,4,2.2,2,0,1,1
12845.1742493,22382,Chevrolet,4,2.2,2,1,1,1
12570.136681,22479,Chevrolet,4,2.2,2,0,1,1
12897.9295369,23200,Chevrolet,4,2.2,2,1,1,1
11961.6199584,27394,Chevrolet,4,2.2,2,1,1,1
12706.911348,27521,Chevrolet,4,2.2,2,1,1,1
12487.0542927,28492,Chevrolet,4,2.2,2,0,1,1
15635.7961597,1169,Chevrolet,4,2.2,2,0,1,1
15747.8039694,6048,Chevrolet,4,2.2,2,0,1,1
14619.0785627,15768,Chevrolet,4,2.2,2,1,1,1
14185.0215527,20374,Chevrolet,4,2.2,2,0,1,1
13699.0357803,25845,Chevrolet,4,2.2,2,1,1,1
13310.0595948,26143,Chevrolet,4,2.2,2,1,1,1
13530.0686449,27249,Chevrolet,4,2.2,2,1,1,1
13019.0711365,27942,Chevrolet,4,2.2,2,1,1,1
12684.9862266,29891,Chevrolet,4,2.2,2,1,1,1
12553.0714279,32844,Chevrolet,4,2.2,2,1,1,1
14997.8843364,8880,Chevrolet,4,2.2,4,0,1,1
14847.0441509,12980,Chevrolet,4,2.2,4,0,1,1
15128.9922358,13828,Chevrolet,4,2.2,4,1,1,1
15000.9927099,14504,Chevrolet,4,2.2,4,0,1,1
14593.8540953,18790,Chevrolet,4,2.2,4,0,1,1
14304.7410354,21128,Chevrolet,4,2.2,4,0,1,1
13688.9456755,21611,Chevrolet,4,2.2,4,1,1,1
13744.8498521,23748,Chevrolet,4,2.2,4,0,1,1
13545.0308963,27431,Chevrolet,4,2.2,4,0,1,1
12741.1902326,34815,Chevrolet,4,2.2,4,0,1,1
16116.8439161,865,Chevrolet,4,2.2,4,1,1,1
16428.5789814,9882,Chevrolet,4,2.2,4,0,1,1
15084.8154043,14824,Chevrolet,4,2.2,4,1,1,1
15163.169859,17158,Chevrolet,4,2.2,4,1,1,1
14897.0405526,18210,Chevrolet,4,2.2,4,1,1,1
14508.7500852,18910,Chevrolet,4,2.2,4,0,1,1
14418.1652909,19818,Chevrolet,4,2.2,4,0,1,1
14191.8822774,21181,Chevrolet,4,2.2,4,1,1,1
14401.9069288,21527,Chevrolet,4,2.2,4,0,1,1
14175.8790789,21627,Chevrolet,4,2.2,4,0,1,1
14429.7896427,6114,Chevrolet,4,2.2,4,1,1,1
14696.0289898,6709,Chevrolet,4,2.2,4,1,1,1
14582.7691223,7115,Chevrolet,4,2.2,4,1,1,1
14194.8236036,9561,Chevrolet,4,2.2,4,0,1,1
14072.1352319,15233,Chevrolet,4,2.2,4,0,1,1
13994.9064584,17270,Chevrolet,4,2.2,4,0,1,1
13830.2490247,17594,Chevrolet,4,2.2,4,0,1,1
13159.8215442,22740,Chevrolet,4,2.2,4,1,1,1
12495.9707512,26204,Chevrolet,4,2.2,4,0,1,1
12678.8539747,28683,Chevrolet,4,2.2,4,0,1,1
46732.6060296,3625,Chevrolet,8,6.0,2,1,1,1
47065.2099128,5239,Chevrolet,8,6.0,2,1,1,1
44749.6867933,12115,Chevrolet,8,6.0,2,1,0,1
42773.02839,14546,Chevrolet,8,6.0,2,1,1,1
41371.3792727,20000,Chevrolet,8,6.0,2,1,0,1
39547.5878996,23826,Chevrolet,8,6.0,2,1,1,1
39691.7274009,25169,Chevrolet,8,6.0,2,1,1,1
38824.8690859,25960,Chevrolet,8,6.0,2,1,0,1
36970.8980474,30502,Chevrolet,8,6.0,2,1,1,1
37288.9367377,32039,Chevrolet,8,6.0,2,1,1,1
39875.8542553,7054,Chevrolet,8,6.0,2,1,0,1
39713.6679219,8967,Chevrolet,8,6.0,2,1,1,1
38990.6073346,9410,Chevrolet,8,6.0,2,1,1,1
39092.1899183,10717,Chevrolet,8,6.0,2,1,1,1
39365.8832385,11619,Chevrolet,8,6.0,2,1,1,1
35261.4364307,21350,Chevrolet,8,6.0,2,1,1,1
35575.4170489,22740,Chevrolet,8,6.0,2,1,0,1
34297.3053503,24259,Chevrolet,8,6.0,2,1,0,1
34739.2149604,25747,Chevrolet,8,6.0,2,1,0,1
31186.7414628,34191,Chevrolet,8,6.0,2,1,0,1
21757.0495093,1853,Chevrolet,6,3.8,4,1,0,0
19528.1004334,14115,Chevrolet,6,3.8,4,1,1,0
19075.6787522,18198,Chevrolet,6,3.8,4,1,0,1
19409.7526075,18795,Chevrolet,6,3.8,4,1,1,1
18527.2089706,19874,Chevrolet,6,3.8,4,1,1,0
18912.9815981,21512,Chevrolet,6,3.8,4,1,1,0
17839.8007706,25453,Chevrolet,6,3.8,4,1,0,1
17789.3467308,26980,Chevrolet,6,3.8,4,1,1,0
17294.1810013,29368,Chevrolet,6,3.8,4,1,1,0
18083.396299,29420,Chevrolet,6,3.8,4,1,1,1
20021.1952055,1787,Chevrolet,6,3.8,4,1,0,0
18835.1897611,8211,Chevrolet,6,3.8,4,1,0,1
18727.5083767,14054,Chevrolet,6,3.8,4,1,1,1
16805.0573922,19498,Chevrolet,6,3.8,4,1,0,0
17154.5764617,21567,Chevrolet,6,3.8,4,1,0,1
16644.087873,22383,Chevrolet,6,3.8,4,1,1,1
15951.8111691,26070,Chevrolet,6,3.8,4,1,1,1
16508.5906949,27460,Chevrolet,6,3.8,4,1,1,1
15832.5183482,31202,Chevrolet,6,3.8,4,1,1,1
15554.2831291,33357,Chevrolet,6,3.8,4,1,1,1
25948.962594,636,Chevrolet,6,3.8,4,1,0,0
27714.0502451,5379,Chevrolet,6,3.8,4,1,1,0
25097.4732492,14461,Chevrolet,6,3.8,4,1,1,1
24809.0423236,16111,Chevrolet,6,3.8,4,1,0,0
23345.329069,22964,Chevrolet,6,3.8,4,1,1,1
22894.4386761,26272,Chevrolet,6,3.8,4,1,1,1
22064.2921857,27384,Chevrolet,6,3.8,4,1,1,1
23151.5461398,27940,Chevrolet,6,3.8,4,1,0,0
22120.7577646,28242,Chevrolet,6,3.8,4,1,1,1
20294.576825,33892,Chevrolet,6,3.8,4,1,0,0
18957.8900429,5936,Chevrolet,6,3.5,4,0,1,1
18950.9069845,8687,Chevrolet,6,3.5,4,0,1,1
17891.6337754,17020,Chevrolet,6,3.5,4,0,1,1
17801.2295283,19386,Chevrolet,6,3.5,4,1,1,1
16723.9938818,19740,Chevrolet,6,3.5,4,1,1,1
16744.0302526,21829,Chevrolet,6,3.5,4,0,1,1
16825.190882,23460,Chevrolet,6,3.5,4,0,1,1
16543.9801373,24583,Chevrolet,6,3.5,4,0,1,1
16143.9572923,26532,Chevrolet,6,3.5,4,1,1,1
14914.2012809,33906,Chevrolet,6,3.5,4,0,1,1
19164.6106274,1480,Chevrolet,6,3.5,4,1,1,1
18800.9588988,7961,Chevrolet,6,3.5,4,0,1,1
17458.2215292,15144,Chevrolet,6,3.5,4,1,1,1
17158.9219979,21417,Chevrolet,6,3.5,4,0,1,1
16472.8976476,21675,Chevrolet,6,3.5,4,1,1,1
16993.7803281,23621,Chevrolet,6,3.5,4,0,1,1
16300.4652398,25697,Chevrolet,6,3.5,4,1,1,1
15623.200273,27476,Chevrolet,6,3.5,4,0,1,1
15138.400824,32462,Chevrolet,6,3.5,4,0,1,1
15233.159871,32535,Chevrolet,6,3.5,4,0,1,1
19471.9748522,6608,Chevrolet,6,3.5,4,1,1,1
18009.8460317,15190,Chevrolet,6,3.5,4,0,1,1
18273.0061337,16335,Chevrolet,6,3.5,4,0,1,1
18311.7563023,17441,Chevrolet,6,3.5,4,0,1,1
17553.753684,18451,Chevrolet,6,3.5,4,0,1,1
18004.8704148,18771,Chevrolet,6,3.5,4,0,1,1
17663.2249529,19490,Chevrolet,6,3.5,4,1,1,1
17115.1220306,24461,Chevrolet,6,3.5,4,0,1,1
16988.3030635,24905,Chevrolet,6,3.5,4,1,1,1
16803.1227499,25874,Chevrolet,6,3.5,4,1,1,1
19446.8829407,932,Chevrolet,6,3.5,4,0,1,1
17119.4575724,18277,Chevrolet,6,3.5,4,1,1,1
17316.0966034,19593,Chevrolet,6,3.5,4,1,1,1
16860.8707794,19883,Chevrolet,6,3.5,4,1,1,1
17312.9071543,21420,Chevrolet,6,3.5,4,1,1,1
16403.2536268,23133,Chevrolet,6,3.5,4,1,1,1
16536.7438751,24218,Chevrolet,6,3.5,4,1,1,1
16341.8040993,25394,Chevrolet,6,3.5,4,0,1,1
16713.9846893,26328,Chevrolet,6,3.5,4,1,1,1
16295.2114375,28239,Chevrolet,6,3.5,4,0,1,1
18974.9220296,5632,Chevrolet,6,3.5,4,0,1,1
18324.8319254,7397,Chevrolet,6,3.5,4,1,1,1
19581.2314138,7645,Chevrolet,6,3.5,4,0,1,1
18169.3754825,14754,Chevrolet,6,3.5,4,0,1,1
17986.2240909,17488,Chevrolet,6,3.5,4,0,1,1
17173.9423218,18721,Chevrolet,6,3.5,4,0,1,1
16456.9746439,20200,Chevrolet,6,3.5,4,0,1,1
16267.0948891,21452,Chevrolet,6,3.5,4,0,1,1
16860.0943255,22841,Chevrolet,6,3.5,4,1,1,1
16027.2864873,22889,Chevrolet,6,3.5,4,0,1,1
17089.9188297,8732,Chevrolet,6,3.5,4,0,1,1
17463.0460806,11393,Chevrolet,6,3.5,4,1,1,1
17218.6857499,14579,Chevrolet,6,3.5,4,1,1,1
17162.4782554,15903,Chevrolet,6,3.5,4,0,1,1
16507.0702675,17451,Chevrolet,6,3.5,4,0,1,1
16752.5144033,18562,Chevrolet,6,3.5,4,1,1,1
16646.7707993,20154,Chevrolet,6,3.5,4,0,1,1
15623.9197646,21272,Chevrolet,6,3.5,4,1,1,1
15664.6249048,25787,Chevrolet,6,3.5,4,1,1,1
15680.864426,25956,Chevrolet,6,3.5,4,0,1,1
18800.0931026,5827,Chevrolet,6,3.8,2,1,0,0
18910.804286,8345,Chevrolet,6,3.8,2,1,0,1
19177.4120635,10414,Chevrolet,6,3.8,2,1,1,0
18040.1440065,11647,Chevrolet,6,3.8,2,1,0,1
17685.2009949,15898,Chevrolet,6,3.8,2,1,0,0
17515.3975894,18602,Chevrolet,6,3.8,2,1,0,0
16357.9923217,23491,Chevrolet,6,3.8,2,1,1,0
16345.9437469,25931,Chevrolet,6,3.8,2,1,1,0
15797.1957604,26700,Chevrolet,6,3.8,2,1,1,0
15503.5087962,33345,Chevrolet,6,3.8,2,1,0,0
21745.0294409,7065,Chevrolet,6,3.8,2,1,1,0
21725.0107491,13457,Chevrolet,6,3.8,2,1,1,0
22384.1186918,14788,Chevrolet,6,3.8,2,1,1,1
20537.1417181,16950,Chevrolet,6,3.8,2,1,0,0
21233.911356,17337,Chevrolet,6,3.8,2,1,1,1
20676.1655109,18021,Chevrolet,6,3.8,2,1,0,1
20839.1499655,22152,Chevrolet,6,3.8,2,1,1,1
20017.9684302,22729,Chevrolet,6,3.8,2,1,0,0
18876.8706537,27218,Chevrolet,6,3.8,2,1,1,0
17586.9285827,39049,Chevrolet,6,3.8,2,1,0,1
23573.8220022,12466,Chevrolet,6,3.8,2,1,1,0
23527.7285025,14948,Chevrolet,6,3.8,2,1,1,0
22113.6280241,21992,Chevrolet,6,3.8,2,1,1,0
22470.3584296,22626,Chevrolet,6,3.8,2,1,1,0
20619.1140102,24067,Chevrolet,6,3.8,2,1,0,0
20047.9513612,24665,Chevrolet,6,3.8,2,1,1,0
21525.3390083,25020,Chevrolet,6,3.8,2,1,1,1
20382.1503096,25240,Chevrolet,6,3.8,2,1,1,1
21020.8367766,25550,Chevrolet,6,3.8,2,1,1,1
20221.8088113,26223,Chevrolet,6,3.8,2,1,1,1
25452.4738546,11892,Pontiac,8,4.6,4,1,0,1
23449.3063258,17273,Pontiac,8,4.6,4,1,0,1
23578.1648607,19148,Pontiac,8,4.6,4,1,0,1
22525.2697215,19521,Pontiac,8,4.6,4,1,1,1
21982.6477083,20472,Pontiac,8,4.6,4,1,1,1
22231.5631515,21929,Pontiac,8,4.6,4,1,1,1
22189.1159711,25651,Pontiac,8,4.6,4,1,0,1
21765.0665792,25794,Pontiac,8,4.6,4,1,0,1
21403.7564223,27168,Pontiac,8,4.6,4,1,0,1
21200.6902072,31197,Pontiac,8,4.6,4,1,1,1
19682.0350106,11554,Pontiac,6,3.8,4,1,0,1
18678.4141227,16496,Pontiac,6,3.8,4,1,1,0
20318.8909731,17583,Pontiac,6,3.8,4,1,1,0
20127.0441847,18419,Pontiac,6,3.8,4,1,1,1
19751.0414308,20510,Pontiac,6,3.8,4,1,0,1
17844.7307708,21121,Pontiac,6,3.8,4,1,1,0
18856.0186906,22423,Pontiac,6,3.8,4,1,1,0
18566.0707033,24747,Pontiac,6,3.8,4,1,1,1
18063.0049109,27574,Pontiac,6,3.8,4,1,0,0
17768.0595054,28385,Pontiac,6,3.8,4,1,1,1
23197.43679,2295,Pontiac,6,3.8,4,1,1,1
23102.0223672,5653,Pontiac,6,3.8,4,1,0,0
22460.5299963,8928,Pontiac,6,3.8,4,1,0,1
21607.7725656,11069,Pontiac,6,3.8,4,1,0,1
22004.9304375,15516,Pontiac,6,3.8,4,1,1,1
20830.9942961,19419,Pontiac,6,3.8,4,1,1,0
20109.9041213,22891,Pontiac,6,3.8,4,1,1,1
19116.1310874,26252,Pontiac,6,3.8,4,1,0,1
19689.740844,27077,Pontiac,6,3.8,4,1,1,0
19338.3759976,27966,Pontiac,6,3.8,4,1,0,1
21903.3226175,4537,Pontiac,6,3.5,4,1,1,0
22736.8344689,5690,Pontiac,6,3.5,4,1,1,1
22104.9735713,9049,Pontiac,6,3.5,4,1,1,1
22311.049513,11221,Pontiac,6,3.5,4,1,1,1
21875.0976308,12313,Pontiac,6,3.5,4,1,0,1
20627.6616891,20770,Pontiac,6,3.5,4,1,1,1
19540.2447886,22628,Pontiac,6,3.5,4,1,1,0
19204.8093414,26477,Pontiac,6,3.5,4,1,0,1
18158.0831291,28354,Pontiac,6,3.5,4,1,0,0
18529.3421171,30063,Pontiac,6,3.5,4,1,0,1
21383.0671605,7287,Pontiac,6,3.5,4,1,1,1
20452.6694749,10338,Pontiac,6,3.5,4,1,0,0
20677.5938192,11204,Pontiac,6,3.5,4,1,1,0
19294.7875043,19539,Pontiac,6,3.5,4,1,0,0
18548.9785926,20870,Pontiac,6,3.5,4,1,0,0
18042.2210744,21702,Pontiac,6,3.5,4,1,0,0
18620.8713666,25516,Pontiac,6,3.5,4,1,0,1
17023.9368653,30404,Pontiac,6,3.5,4,1,0,0
16216.9807056,35624,Pontiac,6,3.5,4,1,1,0
15792.8314369,41566,Pontiac,6,3.5,4,1,1,1
17360.8106353,881,Pontiac,6,3.4,2,0,1,1
17675.8374881,5131,Pontiac,6,3.4,2,0,1,1
17141.9411582,6761,Pontiac,6,3.4,2,1,1,1
17202.8340553,9380,Pontiac,6,3.4,2,0,1,1
16792.6795291,12071,Pontiac,6,3.4,2,1,1,1
15595.8841326,18315,Pontiac,6,3.4,2,0,1,1
15253.8685661,20917,Pontiac,6,3.4,2,1,1,1
15594.8068443,22414,Pontiac,6,3.4,2,0,1,1
15059.1340773,22641,Pontiac,6,3.4,2,1,1,1
14703.1368682,23335,Pontiac,6,3.4,2,0,1,1
15979.0148368,3946,Pontiac,4,2.2,4,1,1,1
16379.8530041,4188,Pontiac,4,2.2,4,1,1,1
15327.1003205,4318,Pontiac,4,2.2,4,0,1,1
15846.0127123,5350,Pontiac,4,2.2,4,0,1,1
15604.1458157,5788,Pontiac,4,2.2,4,1,1,1
14841.9170489,12420,Pontiac,4,2.2,4,0,1,1
15077.1758438,13262,Pontiac,4,2.2,4,0,1,1
13961.1116419,19602,Pontiac,4,2.2,4,0,1,1
13034.0685276,23976,Pontiac,4,2.2,4,0,1,1
13162.852054,24542,Pontiac,4,2.2,4,0,1,1
18254.9227723,16554,Pontiac,6,3.8,4,1,1,1
17095.0352244,18720,Pontiac,6,3.8,4,1,0,0
17162.8734406,20829,Pontiac,6,3.8,4,1,0,0
16391.1717146,21304,Pontiac,6,3.8,4,1,1,0
15788.1047804,25295,Pontiac,6,3.8,4,1,1,0
16569.1412397,25777,Pontiac,6,3.8,4,1,0,0
16997.6937412,25830,Pontiac,6,3.8,4,1,0,1
16283.9589912,26511,Pontiac,6,3.8,4,1,0,1
15457.1705915,29925,Pontiac,6,3.8,4,1,1,0
14963.0456188,31471,Pontiac,6,3.8,4,1,1,0
21230.9779853,11229,Pontiac,6,3.8,4,1,1,0
22100.3931735,12314,Pontiac,6,3.8,4,1,1,0
21300.0194494,12772,Pontiac,6,3.8,4,1,1,0
21281.8804876,17417,Pontiac,6,3.8,4,1,1,1
19646.7174785,21132,Pontiac,6,3.8,4,1,1,1
20173.9063294,21211,Pontiac,6,3.8,4,1,0,1
18701.2226154,24992,Pontiac,6,3.8,4,1,0,0
19423.1650215,25557,Pontiac,6,3.8,4,1,0,1
19956.7584133,26028,Pontiac,6,3.8,4,1,1,0
19448.2263302,27721,Pontiac,6,3.8,4,1,0,1
19822.115392,1592,Pontiac,6,3.8,4,1,1,0
19567.2592911,2189,Pontiac,6,3.8,4,1,1,1
16853.1078491,17959,Pontiac,6,3.8,4,1,0,0
16516.955549,20751,Pontiac,6,3.8,4,1,1,1
15979.0148368,21974,Pontiac,6,3.8,4,1,0,0
16256.2361676,22637,Pontiac,6,3.8,4,1,0,0
15724.2521704,23989,Pontiac,6,3.8,4,1,0,0
15967.2454001,25598,Pontiac,6,3.8,4,1,0,0
16041.6855861,27800,Pontiac,6,3.8,4,1,1,0
15756.1461297,29325,Pontiac,6,3.8,4,1,1,0
32422.7613758,9185,Pontiac,8,5.7,2,1,1,1
32219.5892845,10915,Pontiac,8,5.7,2,1,1,1
31024.8721146,13678,Pontiac,8,5.7,2,1,1,1
29595.7942879,16193,Pontiac,8,5.7,2,1,0,1
29664.702687,21418,Pontiac,8,5.7,2,1,0,1
27425.8439126,23886,Pontiac,8,5.7,2,1,0,1
27370.9581106,24960,Pontiac,8,5.7,2,1,1,1
27548.6296095,26126,Pontiac,8,5.7,2,1,1,1
28502.3061087,27199,Pontiac,8,5.7,2,1,1,1
25527.0130266,36480,Pontiac,8,5.7,2,1,1,1
13160.1245638,13145,Pontiac,4,2.2,2,0,1,1
12830.0987783,17830,Pontiac,4,2.2,2,1,1,1
12828.0309774,19081,Pontiac,4,2.2,2,1,1,1
12878.0468289,19225,Pontiac,4,2.2,2,1,1,1
12832.4623875,20618,Pontiac,4,2.2,2,1,1,1
12464.0734613,21891,Pontiac,4,2.2,2,1,1,1
12465.5085234,23931,Pontiac,4,2.2,2,0,1,1
12258.8575924,24318,Pontiac,4,2.2,2,1,1,1
11903.0977472,25285,Pontiac,4,2.2,2,0,1,1
12209.559623,26097,Pontiac,4,2.2,2,0,1,1
16391.9265733,18096,Pontiac,4,1.8,4,1,1,0
16033.9306185,18391,Pontiac,4,1.8,4,0,1,1
16106.8272209,19465,Pontiac,4,1.8,4,1,0,0
16551.219566,19531,Pontiac,4,1.8,4,1,1,1
17325.269543,19894,Pontiac,4,1.8,4,1,0,0
16078.6654905,22779,Pontiac,4,1.8,4,0,0,1
15297.8359729,23062,Pontiac,4,1.8,4,0,0,0
15505.2938063,24239,Pontiac,4,1.8,4,1,0,0
15174.3466126,27887,Pontiac,4,1.8,4,0,0,0
14546.8848142,33374,Pontiac,4,1.8,4,0,1,1
17803.2790885,12303,Pontiac,4,1.8,4,1,1,1
16353.0965174,16078,Pontiac,4,1.8,4,0,1,0
15977.9110836,17053,Pontiac,4,1.8,4,0,0,1
15568.9742375,18206,Pontiac,4,1.8,4,0,0,0
15589.7804828,21307,Pontiac,4,1.8,4,0,0,0
15730.0462662,21391,Pontiac,4,1.8,4,0,1,1
15802.6528609,21461,Pontiac,4,1.8,4,0,0,0
15086.8995925,27438,Pontiac,4,1.8,4,0,0,1
14396.2705573,31424,Pontiac,4,1.8,4,0,0,0
14869.2820669,31791,Pontiac,4,1.8,4,1,1,1
16927.779761,2973,Pontiac,4,1.8,4,0,0,0
17418.0687339,4463,Pontiac,4,1.8,4,1,0,1
16379.0987013,8754,Pontiac,4,1.8,4,0,1,0
16706.6740679,9150,Pontiac,4,1.8,4,0,0,0
17214.3250783,12610,Pontiac,4,1.8,4,1,1,1
15821.9497182,14304,Pontiac,4,1.8,4,0,0,1
14398.9226926,21688,Pontiac,4,1.8,4,0,0,0
15622.1210979,23217,Pontiac,4,1.8,4,1,1,1
14909.0509878,23323,Pontiac,4,1.8,4,0,1,1
14853.1990111,24270,Pontiac,4,1.8,4,0,0,0
35622.1394955,10340,SAAB,4,2.0,2,1,1,0
34819.2971215,12251,SAAB,4,2.0,2,1,0,0
34355.0037277,17711,SAAB,4,2.0,2,1,1,0
32737.0845459,19112,SAAB,4,2.0,2,1,1,1
33540.5361051,20925,SAAB,4,2.0,2,1,0,1
31970.5420755,21208,SAAB,4,2.0,2,1,1,0
33287.4095987,21661,SAAB,4,2.0,2,1,0,1
32075.9848736,23553,SAAB,4,2.0,2,1,1,0
31969.0698115,24559,SAAB,4,2.0,2,1,0,0
27666.2310782,35157,SAAB,4,2.0,2,1,0,0
29246.2373351,3907,SAAB,4,2.0,4,1,0,1
26337.8305976,16068,SAAB,4,2.0,4,1,0,0
26775.0320895,16688,SAAB,4,2.0,4,1,0,0
25299.9696387,19569,SAAB,4,2.0,4,1,1,0
24896.5976042,21266,SAAB,4,2.0,4,1,1,0
25996.8064019,21433,SAAB,4,2.0,4,1,1,1
24801.6171939,26345,SAAB,4,2.0,4,1,1,1
24063.0126849,27674,SAAB,4,2.0,4,1,1,1
23249.8416851,27686,SAAB,4,2.0,4,1,0,0
22244.8765534,50387,SAAB,4,2.0,4,1,0,1
37088.5624131,3828,SAAB,4,2.0,2,1,1,1
33381.8191525,17381,SAAB,4,2.0,2,1,1,1
33358.7677714,17590,SAAB,4,2.0,2,1,1,1
33586.906092,18930,SAAB,4,2.0,2,1,0,1
30731.9416548,22479,SAAB,4,2.0,2,1,0,0
30315.169442,23635,SAAB,4,2.0,2,1,0,0
30166.852512,25049,SAAB,4,2.0,2,1,0,0
30251.0184174,27558,SAAB,4,2.0,2,1,0,1
29142.7143856,31655,SAAB,4,2.0,2,1,1,1
29612.1540482,32477,SAAB,4,2.0,2,1,1,1
26841.0808355,10003,SAAB,4,2.0,4,1,1,0
27825.9499732,10014,SAAB,4,2.0,4,1,0,1
27284.7513282,14281,SAAB,4,2.0,4,1,1,1
27060.13756,17319,SAAB,4,2.0,4,1,0,1
25618.2818848,20208,SAAB,4,2.0,4,1,0,1
25790.5141407,21160,SAAB,4,2.0,4,1,1,1
25148.3791861,22272,SAAB,4,2.0,4,1,1,1
24852.4952807,22814,SAAB,4,2.0,4,1,1,1
24173.5258825,27015,SAAB,4,2.0,4,1,0,0
23733.4022491,27600,SAAB,4,2.0,4,1,1,0
38324.8090767,12090,SAAB,4,2.0,2,1,1,1
38167.1735772,13162,SAAB,4,2.0,2,1,0,1
37383.5034934,16088,SAAB,4,2.0,2,1,0,1
36338.7513277,18195,SAAB,4,2.0,2,1,1,0
35580.332314,21167,SAAB,4,2.0,2,1,1,0
35304.4947015,21293,SAAB,4,2.0,2,1,0,1
34392.9952721,24031,SAAB,4,2.0,2,1,0,1
33984.4307697,25420,SAAB,4,2.0,2,1,0,0
33248.3425243,27051,SAAB,4,2.0,2,1,0,1
28777.9596948,48991,SAAB,4,2.0,2,1,1,1
32197.3404661,3867,SAAB,4,2.0,4,1,1,0
32053.097161,5144,SAAB,4,2.0,4,1,1,0
30274.7105752,10800,SAAB,4,2.0,4,1,1,0
30353.5855538,11273,SAAB,4,2.0,4,1,1,0
30122.4297352,14568,SAAB,4,2.0,4,1,1,1
26789.8326082,22189,SAAB,4,2.0,4,1,0,0
28291.7622611,22328,SAAB,4,2.0,4,1,1,0
27109.4058898,22598,SAAB,4,2.0,4,1,0,1
27256.4945123,26400,SAAB,4,2.0,4,1,1,0
25267.367676,34175,SAAB,4,2.0,4,1,1,0
35033.2154538,1676,SAAB,4,2.3,4,1,1,1
32746.1313865,7924,SAAB,4,2.3,4,1,0,1
33183.3325965,9795,SAAB,4,2.3,4,1,1,1
31002.73442,15087,SAAB,4,2.3,4,1,1,1
30075.9947262,22052,SAAB,4,2.3,4,1,1,1
29844.2040037,23143,SAAB,4,2.3,4,1,1,1
28432.8242125,25247,SAAB,4,2.3,4,1,1,1
28054.9823619,26276,SAAB,4,2.3,4,1,1,1
28502.9624061,28598,SAAB,4,2.3,4,1,1,1
24912.0805809,38717,SAAB,4,2.3,4,1,0,1
31849.3079472,16956,SAAB,4,2.3,4,1,0,1
32649.7605085,16975,SAAB,4,2.3,4,1,1,1
29961.2549387,20015,SAAB,4,2.3,4,1,1,1
31554.4053348,20103,SAAB,4,2.3,4,1,1,1
29914.3795755,22105,SAAB,4,2.3,4,1,0,1
30575.2488206,22298,SAAB,4,2.3,4,1,1,1
30271.9222997,23426,SAAB,4,2.3,4,1,1,1
28678.0752512,25380,SAAB,4,2.3,4,1,0,1
28829.028003,26503,SAAB,4,2.3,4,1,0,1
26955.0412018,31773,SAAB,4,2.3,4,1,0,1
33005.7799579,6409,SAAB,4,2.3,4,1,1,1
30661.2601504,14278,SAAB,4,2.3,4,1,0,1
30443.8799002,15050,SAAB,4,2.3,4,1,0,1
30322.1505714,16225,SAAB,4,2.3,4,1,1,1
31153.0089597,17317,SAAB,4,2.3,4,1,0,1
31084.9376071,18187,SAAB,4,2.3,4,1,1,1
31156.5957889,18805,SAAB,4,2.3,4,1,1,1
29114.5445056,21960,SAAB,4,2.3,4,1,0,1
25845.2061146,36557,SAAB,4,2.3,4,1,1,1
24903.4777388,40719,SAAB,4,2.3,4,1,1,1
30800.6583893,8017,SAAB,4,2.3,4,1,0,1
28416.4616732,14613,SAAB,4,2.3,4,1,0,1
28185.7762498,19854,SAAB,4,2.3,4,1,1,1
28204.6035781,22021,SAAB,4,2.3,4,1,1,1
26653.2393904,22590,SAAB,4,2.3,4,1,1,1
27610.8642029,22881,SAAB,4,2.3,4,1,1,1
26698.0781511,23055,SAAB,4,2.3,4,1,1,1
27241.436178,23204,SAAB,4,2.3,4,1,1,1
27703.2039951,24738,SAAB,4,2.3,4,1,1,1
24405.0667597,31344,SAAB,4,2.3,4,1,1,1
30959.9321331,17673,SAAB,4,2.3,4,1,1,1
29986.7915006,18464,SAAB,4,2.3,4,1,0,1
29908.1809814,19830,SAAB,4,2.3,4,1,1,1
28328.2665377,20685,SAAB,4,2.3,4,1,0,1
29197.7913005,20907,SAAB,4,2.3,4,1,0,1
29321.0825062,21545,SAAB,4,2.3,4,1,0,1
29481.5287571,21822,SAAB,4,2.3,4,1,1,1
26792.3001566,25357,SAAB,4,2.3,4,1,0,1
27788.8132386,26786,SAAB,4,2.3,4,1,0,1
26012.3746248,34269,SAAB,4,2.3,4,1,1,1
27280.9820609,4836,SAAB,4,2.5,4,1,1,0
25959.1220304,17431,SAAB,4,2.5,4,1,0,1
23274.4807114,21616,SAAB,4,2.5,4,1,1,0
23329.2082556,25218,SAAB,4,2.5,4,1,0,1
16916.8695355,2879,Saturn,4,2.2,2,1,0,1
15639.0367431,8507,Saturn,4,2.2,2,1,0,0
16256.2361676,10555,Saturn,4,2.2,2,0,0,1
15395.0108742,12920,Saturn,4,2.2,2,1,0,0
14881.955446,14376,Saturn,4,2.2,2,0,0,0
15277.0675875,16951,Saturn,4,2.2,2,0,1,0
14702.7983198,17656,Saturn,4,2.2,2,1,1,0
15033.1503167,19455,Saturn,4,2.2,2,0,0,1
13991.0400571,21020,Saturn,4,2.2,2,0,1,0
14771.0034644,22255,Saturn,4,2.2,2,1,0,1
13719.2383076,23645,Saturn,4,2.2,2,0,0,0
13869.1549423,24349,Saturn,4,2.2,2,1,1,0
13518.2352516,25981,Saturn,4,2.2,2,1,1,0
13825.1547111,26034,Saturn,4,2.2,2,0,0,1
13811.1550223,26236,Saturn,4,2.2,2,0,1,1
14077.9688528,26788,Saturn,4,2.2,2,0,0,1
14411.8588505,26986,Saturn,4,2.2,2,1,0,1
13600.0341846,27231,Saturn,4,2.2,2,0,1,0
13032.8681008,30108,Saturn,4,2.2,2,1,1,1
11539.0485333,38958,Saturn,4,2.2,2,0,0,0
14739.0672359,1737,Saturn,4,2.2,4,0,0,1
15110.1925983,2392,Saturn,4,2.2,4,1,1,0
14202.9971532,11836,Saturn,4,2.2,4,0,0,0
15194.9753541,12412,Saturn,4,2.2,4,0,0,1
14116.9215085,12878,Saturn,4,2.2,4,1,0,0
13174.0710095,13318,Saturn,4,2.2,4,0,0,1
13258.3658889,14938,Saturn,4,2.2,4,1,1,1
12791.7510887,16163,Saturn,4,2.2,4,0,0,1
12293.0599623,17139,Saturn,4,2.2,4,1,0,1
13998.1292758,18257,Saturn,4,2.2,4,0,1,1
14568.0022546,18511,Saturn,4,2.2,4,0,1,1
13122.9054571,19101,Saturn,4,2.2,4,0,1,1
13494.2887834,19500,Saturn,4,2.2,4,1,0,1
12036.2167506,19853,Saturn,4,2.2,4,0,1,1
12162.1400469,21770,Saturn,4,2.2,4,0,1,0
12333.603993,21877,Saturn,4,2.2,4,0,0,0
12099.0145779,22758,Saturn,4,2.2,4,1,1,0
12119.0897018,22826,Saturn,4,2.2,4,0,0,1
11679.9235461,23388,Saturn,4,2.2,4,0,0,0
13216.9120482,24069,Saturn,4,2.2,4,0,1,0
12412.5211069,24664,Saturn,4,2.2,4,0,1,1
12284.2882901,24740,Saturn,4,2.2,4,1,1,0
12594.1830135,26328,Saturn,4,2.2,4,0,0,1
12105.9813355,28298,Saturn,4,2.2,4,0,1,0
11873.5339948,28398,Saturn,4,2.2,4,0,0,0
12965.2232695,29707,Saturn,4,2.2,4,0,1,1
10563.0661617,32458,Saturn,4,2.2,4,0,0,0
11413.5304025,32619,Saturn,4,2.2,4,1,0,1
11504.8245497,33962,Saturn,4,2.2,4,0,0,0
11521.5258881,34998,Saturn,4,2.2,4,0,1,1
18173.978084,5826,Saturn,6,3.0,4,1,1,1
18490.9830289,7755,Saturn,6,3.0,4,1,1,1
17322.0784043,10102,Saturn,6,3.0,4,1,0,1
17978.3569978,10986,Saturn,6,3.0,4,1,0,0
16425.174796,14242,Saturn,6,3.0,4,1,0,0
16507.0702675,16229,Saturn,6,3.0,4,1,0,0
16175.9576042,19095,Saturn,6,3.0,4,1,1,0
15731.1328969,20484,Saturn,6,3.0,4,1,1,0
15118.8932283,25979,Saturn,6,3.0,4,1,1,0
13585.6368022,35662,Saturn,6,3.0,4,1,0,0
